split,sample,model,quantile,empirical_coverage,n_observations
0,train,llm-mix,0.05,0.5444988479262672,6944
0,train,llm-mix,0.1,0.544786866359447,6944
0,train,llm-mix,0.2,0.5689804147465438,6944
0,train,llm-mix,0.3,0.605270737327189,6944
0,train,llm-mix,0.4,0.6710829493087558,6944
0,train,llm-mix,0.5,0.7196140552995391,6944
0,train,llm-mix,0.6,0.7466877880184332,6944
0,train,llm-mix,0.7,0.7932027649769585,6944
0,train,llm-mix,0.8,0.832229262672811,6944
0,train,llm-mix,0.9,0.8761520737327189,6944
0,train,llm-mix,0.95,0.9095622119815668,6944
0,train,llm-mix-cal,0.05,0.5444988479262672,6944
0,train,llm-mix-cal,0.1,0.5444988479262672,6944
0,train,llm-mix-cal,0.2,0.5444988479262672,6944
0,train,llm-mix-cal,0.3,0.5714285714285714,6944
0,train,llm-mix-cal,0.4,0.7216301843317973,6944
0,train,llm-mix-cal,0.5,0.7393433179723502,6944
0,train,llm-mix-cal,0.6,0.748991935483871,6944
0,train,llm-mix-cal,0.7,0.8309331797235023,6944
0,train,llm-mix-cal,0.8,0.8467741935483871,6944
0,train,llm-mix-cal,0.9,0.8976094470046083,6944
0,train,llm-mix-cal,0.95,0.9219470046082948,6944
0,train,emb,0.05,0.5444988479262672,6944
0,train,emb,0.1,0.5527073732718893,6944
0,train,emb,0.2,0.566676267281106,6944
0,train,emb,0.3,0.6038306451612904,6944
0,train,emb,0.4,0.674971198156682,6944
0,train,emb,0.5,0.7233582949308756,6944
0,train,emb,0.6,0.7779377880184332,6944
0,train,emb,0.7,0.8163882488479263,6944
0,train,emb,0.8,0.8555587557603687,6944
0,train,emb,0.9,0.9026497695852534,6944
0,train,emb,0.95,0.925115207373272,6944
0,train,gaussian,0.05,0.5444988479262672,6944
0,train,gaussian,0.1,0.5528513824884793,6944
0,train,gaussian,0.2,0.6317684331797235,6944
0,train,gaussian,0.3,0.7548963133640553,6944
0,train,gaussian,0.4,0.7865783410138248,6944
0,train,gaussian,0.5,0.8548387096774194,6944
0,train,gaussian,0.6,0.8741359447004609,6944
0,train,gaussian,0.7,0.9111463133640552,6944
0,train,gaussian,0.8,0.9359158986175116,6944
0,train,gaussian,0.9,0.9580933179723502,6944
0,train,gaussian,0.95,0.970910138248848,6944
0,test,llm-mix,0.05,0.5125342321466189,4747
0,test,llm-mix,0.1,0.5137981883294712,4747
0,test,llm-mix,0.2,0.528333684432273,4747
0,test,llm-mix,0.3,0.6060669896776911,4747
0,test,llm-mix,0.4,0.6654729302717506,4747
0,test,llm-mix,0.5,0.7071834843058774,4747
0,test,llm-mix,0.6,0.7577417316199705,4747
0,test,llm-mix,0.7,0.7912365704655572,4747
0,test,llm-mix,0.8,0.827680640404466,4747
0,test,llm-mix,0.9,0.8809774594480725,4747
0,test,llm-mix,0.95,0.910048451653676,4747
0,test,llm-mix-cal,0.05,0.5125342321466189,4747
0,test,llm-mix-cal,0.1,0.5125342321466189,4747
0,test,llm-mix-cal,0.2,0.5125342321466189,4747
0,test,llm-mix-cal,0.3,0.5407625868969875,4747
0,test,llm-mix-cal,0.4,0.7021276595744681,4747
0,test,llm-mix-cal,0.5,0.7295133768696018,4747
0,test,llm-mix-cal,0.6,0.7379397514219507,4747
0,test,llm-mix-cal,0.7,0.8253633874025701,4747
0,test,llm-mix-cal,0.8,0.8441120707815463,4747
0,test,llm-mix-cal,0.9,0.9018327364651358,4747
0,test,llm-mix-cal,0.95,0.9275331788498,4747
0,test,emb,0.05,0.5125342321466189,4747
0,test,emb,0.1,0.5220139035180114,4747
0,test,emb,0.2,0.5704655571940173,4747
0,test,emb,0.3,0.601643143037708,4747
0,test,emb,0.4,0.7137139245839478,4747
0,test,emb,0.5,0.7501579945228566,4747
0,test,emb,0.6,0.772487887086581,4747
0,test,emb,0.7,0.8165156941226037,4747
0,test,emb,0.8,0.8649673477986096,4747
0,test,emb,0.9,0.9066779018327364,4747
0,test,emb,0.95,0.921424057299347,4747
0,test,gaussian,0.05,0.5125342321466189,4747
0,test,gaussian,0.1,0.5213819254265852,4747
0,test,gaussian,0.2,0.6633663366336634,4747
0,test,gaussian,0.3,0.748262060248578,4747
0,test,gaussian,0.4,0.7969243732883927,4747
0,test,gaussian,0.5,0.8588582262481568,4747
0,test,gaussian,0.6,0.8780282283547504,4747
0,test,gaussian,0.7,0.9165788919317464,4747
0,test,gaussian,0.8,0.9382768064040446,4747
0,test,gaussian,0.9,0.9566041710554034,4747
0,test,gaussian,0.95,0.9684010954286918,4747
1,train,llm-mix,0.05,0.525330236609087,6889
1,train,llm-mix,0.1,0.5283785745391203,6889
1,train,llm-mix,0.2,0.5443460589345334,6889
1,train,llm-mix,0.3,0.5950065321527073,6889
1,train,llm-mix,0.4,0.6571345623457686,6889
1,train,llm-mix,0.5,0.7104078966468282,6889
1,train,llm-mix,0.6,0.7477137465524749,6889
1,train,llm-mix,0.7,0.7783422848018581,6889
1,train,llm-mix,0.8,0.8198577442299317,6889
1,train,llm-mix,0.9,0.8702278995500072,6889
1,train,llm-mix,0.95,0.9059370010161126,6889
1,train,llm-mix-cal,0.05,0.525330236609087,6889
1,train,llm-mix-cal,0.1,0.525330236609087,6889
1,train,llm-mix-cal,0.2,0.525330236609087,6889
1,train,llm-mix-cal,0.3,0.5597329075337495,6889
1,train,llm-mix-cal,0.4,0.7112788503411235,6889
1,train,llm-mix-cal,0.5,0.7249237915517491,6889
1,train,llm-mix-cal,0.6,0.7395848454057192,6889
1,train,llm-mix-cal,0.7,0.8305995064595733,6889
1,train,llm-mix-cal,0.8,0.8443896066192481,6889
1,train,llm-mix-cal,0.9,0.8962113514298157,6889
1,train,llm-mix-cal,0.95,0.9201625780229352,6889
1,train,emb,0.05,0.525330236609087,6889
1,train,emb,0.1,0.533023660908695,6889
1,train,emb,0.2,0.5428944694440412,6889
1,train,emb,0.3,0.5905066047321818,6889
1,train,emb,0.4,0.6717956161997387,6889
1,train,emb,0.5,0.7163594135578458,6889
1,train,emb,0.6,0.769342429960807,6889
1,train,emb,0.7,0.8150674989113079,6889
1,train,emb,0.8,0.8555668456960371,6889
1,train,emb,0.9,0.9057918420670634,6889
1,train,emb,0.95,0.9240818696472638,6889
1,train,gaussian,0.05,0.525330236609087,6889
1,train,gaussian,0.1,0.532297866163449,6889
1,train,gaussian,0.2,0.6251995935549427,6889
1,train,gaussian,0.3,0.7384235738133256,6889
1,train,gaussian,0.4,0.7719552910436929,6889
1,train,gaussian,0.5,0.8459863550587894,6889
1,train,gaussian,0.6,0.8695021048047612,6889
1,train,gaussian,0.7,0.9060821599651618,6889
1,train,gaussian,0.8,0.9297430686601827,6889
1,train,gaussian,0.9,0.9539846131514008,6889
1,train,gaussian,0.95,0.9657424880243868,6889
1,test,llm-mix,0.05,0.5403998334027489,4802
1,test,llm-mix,0.1,0.5412328196584756,4802
1,test,llm-mix,0.2,0.5666389004581425,4802
1,test,llm-mix,0.3,0.605164514785506,4802
1,test,llm-mix,0.4,0.6938775510204082,4802
1,test,llm-mix,0.5,0.7269887546855477,4802
1,test,llm-mix,0.6,0.7573927530195752,4802
1,test,llm-mix,0.7,0.8011245314452311,4802
1,test,llm-mix,0.8,0.8377759266972095,4802
1,test,llm-mix,0.9,0.8862973760932945,4802
1,test,llm-mix,0.95,0.9189920866305706,4802
1,test,llm-mix-cal,0.05,0.5403998334027489,4802
1,test,llm-mix-cal,0.1,0.5403998334027489,4802
1,test,llm-mix-cal,0.2,0.5403998334027489,4802
1,test,llm-mix-cal,0.3,0.5878800499791753,4802
1,test,llm-mix-cal,0.4,0.7401082882132445,4802
1,test,llm-mix-cal,0.5,0.7544773011245315,4802
1,test,llm-mix-cal,0.6,0.7694710537276135,4802
1,test,llm-mix-cal,0.7,0.8498542274052479,4802
1,test,llm-mix-cal,0.8,0.8610995418575593,4802
1,test,llm-mix-cal,0.9,0.912536443148688,4802
1,test,llm-mix-cal,0.95,0.936484798000833,4802
1,test,emb,0.05,0.5403998334027489,4802
1,test,emb,0.1,0.5449812578092461,4802
1,test,emb,0.2,0.5637234485630988,4802
1,test,emb,0.3,0.5955851728446481,4802
1,test,emb,0.4,0.7242815493544357,4802
1,test,emb,0.5,0.7498958767180341,4802
1,test,emb,0.6,0.7644731361932529,4802
1,test,emb,0.7,0.8348604748021657,4802
1,test,emb,0.8,0.8533944189920867,4802
1,test,emb,0.9,0.902332361516035,4802
1,test,emb,0.95,0.924822990420658,4802
1,test,gaussian,0.05,0.5403998334027489,4802
1,test,gaussian,0.1,0.5403998334027489,4802
1,test,gaussian,0.2,0.6718034152436485,4802
1,test,gaussian,0.3,0.7713452728029988,4802
1,test,gaussian,0.4,0.8065389421074552,4802
1,test,gaussian,0.5,0.8575593502707205,4802
1,test,gaussian,0.6,0.8844231570179092,4802
1,test,gaussian,0.7,0.9158683881715952,4802
1,test,gaussian,0.8,0.932944606413994,4802
1,test,gaussian,0.9,0.9556434818825488,4802
1,test,gaussian,0.95,0.970637234485631,4802
2,train,llm-mix,0.05,0.5156296964232041,6654
2,train,llm-mix,0.1,0.5174331229335738,6654
2,train,llm-mix,0.2,0.5357679591223324,6654
2,train,llm-mix,0.3,0.5942290351668169,6654
2,train,llm-mix,0.4,0.6523895401262398,6654
2,train,llm-mix,0.5,0.6955214908325819,6654
2,train,llm-mix,0.6,0.7344454463480613,6654
2,train,llm-mix,0.7,0.7696122633002705,6654
2,train,llm-mix,0.8,0.8163510670273519,6654
2,train,llm-mix,0.9,0.8644424406372107,6654
2,train,llm-mix,0.95,0.906672678088368,6654
2,train,llm-mix-cal,0.05,0.5154794108806733,6654
2,train,llm-mix-cal,0.1,0.5154794108806733,6654
2,train,llm-mix-cal,0.2,0.5154794108806733,6654
2,train,llm-mix-cal,0.3,0.5734896302975654,6654
2,train,llm-mix-cal,0.4,0.700180342651037,6654
2,train,llm-mix-cal,0.5,0.7171626089570183,6654
2,train,llm-mix-cal,0.6,0.7403065825067628,6654
2,train,llm-mix-cal,0.7,0.8246167718665465,6654
2,train,llm-mix-cal,0.8,0.8443041779380823,6654
2,train,llm-mix-cal,0.9,0.8907424105801022,6654
2,train,llm-mix-cal,0.95,0.9226029455966336,6654
2,train,emb,0.05,0.5154794108806733,6654
2,train,emb,0.1,0.5279531109107304,6654
2,train,emb,0.2,0.5366696723775173,6654
2,train,emb,0.3,0.5993387436128644,6654
2,train,emb,0.4,0.6771866546438232,6654
2,train,emb,0.5,0.7210700330628194,6654
2,train,emb,0.6,0.7688608355876164,6654
2,train,emb,0.7,0.7974150886684701,6654
2,train,emb,0.8,0.8602344454463481,6654
2,train,emb,0.9,0.906672678088368,6654
2,train,emb,0.95,0.926209798617373,6654
2,train,gaussian,0.05,0.5154794108806733,6654
2,train,gaussian,0.1,0.5273519687406072,6654
2,train,gaussian,0.2,0.6489329726480313,6654
2,train,gaussian,0.3,0.734746017433123,6654
2,train,gaussian,0.4,0.7886985272016832,6654
2,train,gaussian,0.5,0.8441538923955515,6654
2,train,gaussian,0.6,0.8785692816351067,6654
2,train,gaussian,0.7,0.9060715359182446,6654
2,train,gaussian,0.8,0.9362789299669372,6654
2,train,gaussian,0.9,0.9589720468890892,6654
2,train,gaussian,0.95,0.9714457469191464,6654
2,test,llm-mix,0.05,0.5527099463966647,5037
2,test,llm-mix,0.1,0.5578717490569783,5037
2,test,llm-mix,0.2,0.5785189596982331,5037
2,test,llm-mix,0.3,0.6458209251538615,5037
2,test,llm-mix,0.4,0.6974389517569982,5037
2,test,llm-mix,0.5,0.7417113361127655,5037
2,test,llm-mix,0.6,0.7810204486797697,5037
2,test,llm-mix,0.7,0.8229104625769307,5037
2,test,llm-mix,0.8,0.863013698630137,5037
2,test,llm-mix,0.9,0.9029184038117928,5037
2,test,llm-mix,0.95,0.9249553305539012,5037
2,test,llm-mix-cal,0.05,0.5527099463966647,5037
2,test,llm-mix-cal,0.1,0.5527099463966647,5037
2,test,llm-mix-cal,0.2,0.5527099463966647,5037
2,test,llm-mix-cal,0.3,0.6134603930911257,5037
2,test,llm-mix-cal,0.4,0.760373238038515,5037
2,test,llm-mix-cal,0.5,0.763748262854874,5037
2,test,llm-mix-cal,0.6,0.782608695652174,5037
2,test,llm-mix-cal,0.7,0.8626166368870359,5037
2,test,llm-mix-cal,0.8,0.8687710939051022,5037
2,test,llm-mix-cal,0.9,0.9223744292237442,5037
2,test,llm-mix-cal,0.95,0.9477863807822116,5037
2,test,emb,0.05,0.5527099463966647,5037
2,test,emb,0.1,0.5755409966249752,5037
2,test,emb,0.2,0.5918205280921183,5037
2,test,emb,0.3,0.6333134802461783,5037
2,test,emb,0.4,0.7329759777645424,5037
2,test,emb,0.5,0.783005757395275,5037
2,test,emb,0.6,0.8024617828072266,5037
2,test,emb,0.7,0.8304546356958507,5037
2,test,emb,0.8,0.8888227119317054,5037
2,test,emb,0.9,0.9233670835814968,5037
2,test,emb,0.95,0.9370657137184832,5037
2,test,gaussian,0.05,0.5527099463966647,5037
2,test,gaussian,0.1,0.5683938852491562,5037
2,test,gaussian,0.2,0.7204685328568592,5037
2,test,gaussian,0.3,0.7806233869366687,5037
2,test,gaussian,0.4,0.8348223148699623,5037
2,test,gaussian,0.5,0.8741314274369665,5037
2,test,gaussian,0.6,0.9033154655548938,5037
2,test,gaussian,0.7,0.9332936271590232,5037
2,test,gaussian,0.8,0.951756998213222,5037
2,test,gaussian,0.9,0.9680365296803652,5037
2,test,gaussian,0.95,0.9797498511018464,5037
3,train,llm-mix,0.05,0.5135450043693562,6866
3,train,llm-mix,0.1,0.5144188756189921,6866
3,train,llm-mix,0.2,0.5349548499854355,6866
3,train,llm-mix,0.3,0.5799592193416837,6866
3,train,llm-mix,0.4,0.6523448878531897,6866
3,train,llm-mix,0.5,0.7072531313719779,6866
3,train,llm-mix,0.6,0.7500728226041363,6866
3,train,llm-mix,0.7,0.7927468686280221,6866
3,train,llm-mix,0.8,0.8332362365278182,6866
3,train,llm-mix,0.9,0.88173609088261,6866
3,train,llm-mix,0.95,0.9178561025342268,6866
3,train,llm-mix-cal,0.05,0.5135450043693562,6866
3,train,llm-mix-cal,0.1,0.5135450043693562,6866
3,train,llm-mix-cal,0.2,0.5145645208272648,6866
3,train,llm-mix-cal,0.3,0.5589863093504224,6866
3,train,llm-mix-cal,0.4,0.706379260122342,6866
3,train,llm-mix-cal,0.5,0.7225458782406059,6866
3,train,llm-mix-cal,0.6,0.7464316923973201,6866
3,train,llm-mix-cal,0.7,0.81517623070201,6866
3,train,llm-mix-cal,0.8,0.8479464025633556,6866
3,train,llm-mix-cal,0.9,0.8980483542091465,6866
3,train,llm-mix-cal,0.95,0.9228080396154966,6866
3,train,emb,0.05,0.5135450043693562,6866
3,train,emb,0.1,0.5260704922808039,6866
3,train,emb,0.2,0.541363239149432,6866
3,train,emb,0.3,0.5932129332944946,6866
3,train,emb,0.4,0.6551121468103699,6866
3,train,emb,0.5,0.7143897465773376,6866
3,train,emb,0.6,0.7745412175939411,6866
3,train,emb,0.7,0.8073113894552869,6866
3,train,emb,0.8,0.8563938246431693,6866
3,train,emb,0.9,0.9035828721235072,6866
3,train,emb,0.95,0.928051267113312,6866
3,train,gaussian,0.05,0.5135450043693562,6866
3,train,gaussian,0.1,0.5275269443635304,6866
3,train,gaussian,0.2,0.6047189047480338,6866
3,train,gaussian,0.3,0.7439557238566851,6866
3,train,gaussian,0.4,0.7722108942615787,6866
3,train,gaussian,0.5,0.8467812408971744,6866
3,train,gaussian,0.6,0.8680454413049811,6866
3,train,gaussian,0.7,0.907369647538596,6866
3,train,gaussian,0.8,0.9300903000291292,6866
3,train,gaussian,0.9,0.9529565977279348,6866
3,train,gaussian,0.95,0.9667928925138364,6866
3,test,llm-mix,0.05,0.557098445595855,4825
3,test,llm-mix,0.1,0.557720207253886,4825
3,test,llm-mix,0.2,0.5734715025906736,4825
3,test,llm-mix,0.3,0.6281865284974093,4825
3,test,llm-mix,0.4,0.6779274611398963,4825
3,test,llm-mix,0.5,0.7092227979274611,4825
3,test,llm-mix,0.6,0.7525388601036269,4825
3,test,llm-mix,0.7,0.7790673575129534,4825
3,test,llm-mix,0.8,0.8246632124352331,4825
3,test,llm-mix,0.9,0.8667357512953368,4825
3,test,llm-mix,0.95,0.8963730569948186,4825
3,test,llm-mix-cal,0.05,0.557098445595855,4825
3,test,llm-mix-cal,0.1,0.557098445595855,4825
3,test,llm-mix-cal,0.2,0.5585492227979275,4825
3,test,llm-mix-cal,0.3,0.6024870466321244,4825
3,test,llm-mix-cal,0.4,0.7179274611398964,4825
3,test,llm-mix-cal,0.5,0.7417616580310881,4825
3,test,llm-mix-cal,0.6,0.7711917098445595,4825
3,test,llm-mix-cal,0.7,0.8315025906735751,4825
3,test,llm-mix-cal,0.8,0.8578238341968912,4825
3,test,llm-mix-cal,0.9,0.9038341968911916,4825
3,test,llm-mix-cal,0.95,0.9284974093264248,4825
3,test,emb,0.05,0.557098445595855,4825
3,test,emb,0.1,0.6070466321243523,4825
3,test,emb,0.2,0.6217616580310881,4825
3,test,emb,0.3,0.677098445595855,4825
3,test,emb,0.4,0.7629015544041451,4825
3,test,emb,0.5,0.8018652849740933,4825
3,test,emb,0.6,0.8147150259067357,4825
3,test,emb,0.7,0.8567875647668394,4825
3,test,emb,0.8,0.8907772020725389,4825
3,test,emb,0.9,0.928082901554404,4825
3,test,emb,0.95,0.9403108808290156,4825
3,test,gaussian,0.05,0.557098445595855,4825
3,test,gaussian,0.1,0.5730569948186528,4825
3,test,gaussian,0.2,0.692020725388601,4825
3,test,gaussian,0.3,0.7825906735751296,4825
3,test,gaussian,0.4,0.8198963730569948,4825
3,test,gaussian,0.5,0.8725388601036269,4825
3,test,gaussian,0.6,0.8934715025906735,4825
3,test,gaussian,0.7,0.922279792746114,4825
3,test,gaussian,0.8,0.9380310880829016,4825
3,test,gaussian,0.9,0.9626943005181348,4825
3,test,gaussian,0.95,0.9738860103626944,4825
4,train,llm-mix,0.05,0.5414387308533917,7312
4,train,llm-mix,0.1,0.5426695842450766,7312
4,train,llm-mix,0.2,0.5516958424507659,7312
4,train,llm-mix,0.3,0.5966903719912473,7312
4,train,llm-mix,0.4,0.6449671772428884,7312
4,train,llm-mix,0.5,0.7062363238512035,7312
4,train,llm-mix,0.6,0.7557439824945296,7312
4,train,llm-mix,0.7,0.7837800875273523,7312
4,train,llm-mix,0.8,0.8361597374179431,7312
4,train,llm-mix,0.9,0.8733588621444202,7312
4,train,llm-mix,0.95,0.9097374179431073,7312
4,train,llm-mix-cal,0.05,0.5414387308533917,7312
4,train,llm-mix-cal,0.1,0.5414387308533917,7312
4,train,llm-mix-cal,0.2,0.5414387308533917,7312
4,train,llm-mix-cal,0.3,0.5436269146608315,7312
4,train,llm-mix-cal,0.4,0.7211433260393874,7312
4,train,llm-mix-cal,0.5,0.7468544857768052,7312
4,train,llm-mix-cal,0.6,0.7471280087527352,7312
4,train,llm-mix-cal,0.7,0.8164660831509847,7312
4,train,llm-mix-cal,0.8,0.8555798687089715,7312
4,train,llm-mix-cal,0.9,0.9091903719912472,7312
4,train,llm-mix-cal,0.95,0.9221827133479212,7312
4,train,emb,0.05,0.5419857768052516,7312
4,train,emb,0.1,0.5436269146608315,7312
4,train,emb,0.2,0.5571663019693655,7312
4,train,emb,0.3,0.5992888402625821,7312
4,train,emb,0.4,0.6545404814004376,7312
4,train,emb,0.5,0.7214168490153173,7312
4,train,emb,0.6,0.7670951859956237,7312
4,train,emb,0.7,0.8093544857768052,7312
4,train,emb,0.8,0.8640590809628009,7312
4,train,emb,0.9,0.9039934354485776,7312
4,train,emb,0.95,0.93667943107221,7312
4,train,gaussian,0.05,0.5414387308533917,7312
4,train,gaussian,0.1,0.5449945295404814,7312
4,train,gaussian,0.2,0.6154266958424508,7312
4,train,gaussian,0.3,0.7553336980306345,7312
4,train,gaussian,0.4,0.7806345733041575,7312
4,train,gaussian,0.5,0.8484682713347921,7312
4,train,gaussian,0.6,0.8733588621444202,7312
4,train,gaussian,0.7,0.9108315098468271,7312
4,train,gaussian,0.8,0.9343544857768052,7312
4,train,gaussian,0.9,0.9578774617067832,7312
4,train,gaussian,0.95,0.9715536105032824,7312
4,test,llm-mix,0.05,0.5149577529116237,4379
4,test,llm-mix,0.1,0.51564284083124,4379
4,test,llm-mix,0.2,0.529344599223567,4379
4,test,llm-mix,0.3,0.5651975336834894,4379
4,test,llm-mix,0.4,0.6261703585293446,4379
4,test,llm-mix,0.5,0.6917104361726422,4379
4,test,llm-mix,0.6,0.7282484585521809,4379
4,test,llm-mix,0.7,0.7604475907741494,4379
4,test,llm-mix,0.8,0.8081753825074218,4379
4,test,llm-mix,0.9,0.8620689655172413,4379
4,test,llm-mix,0.95,0.8917561087006166,4379
4,test,llm-mix-cal,0.05,0.5149577529116237,4379
4,test,llm-mix-cal,0.1,0.5149577529116237,4379
4,test,llm-mix-cal,0.2,0.5149577529116237,4379
4,test,llm-mix-cal,0.3,0.5206668189084266,4379
4,test,llm-mix-cal,0.4,0.6846311943366066,4379
4,test,llm-mix-cal,0.5,0.7204841287965289,4379
4,test,llm-mix-cal,0.6,0.7220826672756337,4379
4,test,llm-mix-cal,0.7,0.7951587120347111,4379
4,test,llm-mix-cal,0.8,0.8264443936971911,4379
4,test,llm-mix-cal,0.9,0.8814797899063713,4379
4,test,llm-mix-cal,0.95,0.8960949988581868,4379
4,test,emb,0.05,0.5149577529116237,4379
4,test,emb,0.1,0.5149577529116237,4379
4,test,emb,0.2,0.5259191596254853,4379
4,test,emb,0.3,0.543046357615894,4379
4,test,emb,0.4,0.6275405343685773,4379
4,test,emb,0.5,0.6832610184973739,4379
4,test,emb,0.6,0.6976478648093172,4379
4,test,emb,0.7,0.7631879424526148,4379
4,test,emb,0.8,0.8106873715460151,4379
4,test,emb,0.9,0.8543046357615894,4379
4,test,emb,0.95,0.8865037679835579,4379
4,test,gaussian,0.05,0.5149577529116237,4379
4,test,gaussian,0.1,0.5149577529116237,4379
4,test,gaussian,0.2,0.5987668417446905,4379
4,test,gaussian,0.3,0.712948161680749,4379
4,test,gaussian,0.4,0.7401233158255309,4379
4,test,gaussian,0.5,0.8120575473852478,4379
4,test,gaussian,0.6,0.8362639872116922,4379
4,test,gaussian,0.7,0.8675496688741722,4379
4,test,gaussian,0.8,0.8990637131765243,4379
4,test,gaussian,0.9,0.9266955926010504,4379
4,test,gaussian,0.95,0.9465631422699248,4379
5,train,llm-mix,0.05,0.5402186098654709,7136
5,train,llm-mix,0.1,0.5404988789237668,7136
5,train,llm-mix,0.2,0.5505885650224215,7136
5,train,llm-mix,0.3,0.5833800448430493,7136
5,train,llm-mix,0.4,0.6704035874439462,7136
5,train,llm-mix,0.5,0.7170683856502242,7136
5,train,llm-mix,0.6,0.742432735426009,7136
5,train,llm-mix,0.7,0.7833520179372198,7136
5,train,llm-mix,0.8,0.8244114349775785,7136
5,train,llm-mix,0.9,0.8804652466367713,7136
5,train,llm-mix,0.95,0.914097533632287,7136
5,train,llm-mix-cal,0.05,0.5402186098654709,7136
5,train,llm-mix-cal,0.1,0.5402186098654709,7136
5,train,llm-mix-cal,0.2,0.5402186098654709,7136
5,train,llm-mix-cal,0.3,0.5428811659192825,7136
5,train,llm-mix-cal,0.4,0.7250560538116592,7136
5,train,llm-mix-cal,0.5,0.7528026905829597,7136
5,train,llm-mix-cal,0.6,0.7528026905829597,7136
5,train,llm-mix-cal,0.7,0.8174047085201793,7136
5,train,llm-mix-cal,0.8,0.8587443946188341,7136
5,train,llm-mix-cal,0.9,0.9101737668161436,7136
5,train,llm-mix-cal,0.95,0.9233464125560538,7136
5,train,emb,0.05,0.5402186098654709,7136
5,train,emb,0.1,0.5438621076233184,7136
5,train,emb,0.2,0.5473654708520179,7136
5,train,emb,0.3,0.5863228699551569,7136
5,train,emb,0.4,0.6650784753363229,7136
5,train,emb,0.5,0.7079596412556054,7136
5,train,emb,0.6,0.781670403587444,7136
5,train,emb,0.7,0.8167040358744395,7136
5,train,emb,0.8,0.8517376681614349,7136
5,train,emb,0.9,0.9111547085201792,7136
5,train,emb,0.95,0.929232062780269,7136
5,train,gaussian,0.05,0.5402186098654709,7136
5,train,gaussian,0.1,0.5431614349775785,7136
5,train,gaussian,0.2,0.6044002242152466,7136
5,train,gaussian,0.3,0.7589686098654709,7136
5,train,gaussian,0.4,0.7750840807174888,7136
5,train,gaussian,0.5,0.8454316143497758,7136
5,train,gaussian,0.6,0.8675728699551569,7136
5,train,gaussian,0.7,0.9087724215246636,7136
5,train,gaussian,0.8,0.9288116591928252,7136
5,train,gaussian,0.9,0.952634529147982,7136
5,train,gaussian,0.95,0.96804932735426,7136
5,test,llm-mix,0.05,0.5178924259055983,4555
5,test,llm-mix,0.1,0.5225027442371021,4555
5,test,llm-mix,0.2,0.5413830954994512,4555
5,test,llm-mix,0.3,0.581119648737651,4555
5,test,llm-mix,0.4,0.6324917672886937,4555
5,test,llm-mix,0.5,0.67596048298573,4555
5,test,llm-mix,0.6,0.7304061470911086,4555
5,test,llm-mix,0.7,0.772338090010977,4555
5,test,llm-mix,0.8,0.8100987925356751,4555
5,test,llm-mix,0.9,0.8581778265642152,4555
5,test,llm-mix,0.95,0.8911086717892426,4555
5,test,llm-mix-cal,0.05,0.5178924259055983,4555
5,test,llm-mix-cal,0.1,0.5178924259055983,4555
5,test,llm-mix-cal,0.2,0.5178924259055983,4555
5,test,llm-mix-cal,0.3,0.5288693743139408,4555
5,test,llm-mix-cal,0.4,0.681668496158068,4555
5,test,llm-mix-cal,0.5,0.7121844127332602,4555
5,test,llm-mix-cal,0.6,0.7178924259055982,4555
5,test,llm-mix-cal,0.7,0.782436882546652,4555
5,test,llm-mix-cal,0.8,0.8270032930845225,4555
5,test,llm-mix-cal,0.9,0.8785949506037322,4555
5,test,llm-mix-cal,0.95,0.8990120746432492,4555
5,test,emb,0.05,0.5178924259055983,4555
5,test,emb,0.1,0.5260153677277717,4555
5,test,emb,0.2,0.5260153677277717,4555
5,test,emb,0.3,0.5457738748627882,4555
5,test,emb,0.4,0.6507135016465423,4555
5,test,emb,0.5,0.6810098792535675,4555
5,test,emb,0.6,0.7323819978046103,4555
5,test,emb,0.7,0.7877058177826565,4555
5,test,emb,0.8,0.8208562019758507,4555
5,test,emb,0.9,0.8711306256860593,4555
5,test,emb,0.95,0.8987925356750823,4555
5,test,gaussian,0.05,0.5178924259055983,4555
5,test,gaussian,0.1,0.5218441273326015,4555
5,test,gaussian,0.2,0.6118551042810099,4555
5,test,gaussian,0.3,0.718111964873765,4555
5,test,gaussian,0.4,0.7418221734357848,4555
5,test,gaussian,0.5,0.8166849615806806,4555
5,test,gaussian,0.6,0.8366630076838639,4555
5,test,gaussian,0.7,0.8755214050493962,4555
5,test,gaussian,0.8,0.8972557628979144,4555
5,test,gaussian,0.9,0.9297475301866082,4555
5,test,gaussian,0.95,0.9490669593852908,4555
6,train,llm-mix,0.05,0.5393164767991109,7198
6,train,llm-mix,0.1,0.5402889691580994,7198
6,train,llm-mix,0.2,0.5520978049458183,7198
6,train,llm-mix,0.3,0.5897471519866629,7198
6,train,llm-mix,0.4,0.6629619338705196,7198
6,train,llm-mix,0.5,0.7153375937760489,7198
6,train,llm-mix,0.6,0.7502083912197832,7198
6,train,llm-mix,0.7,0.7864684634620728,7198
6,train,llm-mix,0.8,0.8400944706863017,7198
6,train,llm-mix,0.9,0.8844123367602111,7198
6,train,llm-mix,0.95,0.9110864128924702,7198
6,train,llm-mix-cal,0.05,0.5393164767991109,7198
6,train,llm-mix-cal,0.1,0.5393164767991109,7198
6,train,llm-mix-cal,0.2,0.5398721867185329,7198
6,train,llm-mix-cal,0.3,0.5597388163378716,7198
6,train,llm-mix-cal,0.4,0.6943595443178661,7198
6,train,llm-mix-cal,0.5,0.7372881355932204,7198
6,train,llm-mix-cal,0.6,0.7529869408168935,7198
6,train,llm-mix-cal,0.7,0.8117532647957766,7198
6,train,llm-mix-cal,0.8,0.8538482911919978,7198
6,train,llm-mix-cal,0.9,0.9015004167824396,7198
6,train,llm-mix-cal,0.95,0.924840233398166,7198
6,train,emb,0.05,0.5409836065573771,7198
6,train,emb,0.1,0.5437621561544873,7198
6,train,emb,0.2,0.5543206446235065,7198
6,train,emb,0.3,0.599194220616838,7198
6,train,emb,0.4,0.6585162545151431,7198
6,train,emb,0.5,0.7297860516810225,7198
6,train,emb,0.6,0.7714642956376772,7198
6,train,emb,0.7,0.8157821617115866,7198
6,train,emb,0.8,0.8584328980272298,7198
6,train,emb,0.9,0.9023339816615726,7198
6,train,emb,0.95,0.9302584051125312,7198
6,train,gaussian,0.05,0.5409836065573771,7198
6,train,gaussian,0.1,0.5437621561544873,7198
6,train,gaussian,0.2,0.6066963045290359,7198
6,train,gaussian,0.3,0.7550708530147263,7198
6,train,gaussian,0.4,0.7756321200333426,7198
6,train,gaussian,0.5,0.8427340928035565,7198
6,train,gaussian,0.6,0.864684634620728,7198
6,train,gaussian,0.7,0.9034454015004167,7198
6,train,gaussian,0.8,0.9278966379549874,7198
6,train,gaussian,0.9,0.9498471797721588,7198
6,train,gaussian,0.95,0.9663795498749652,7198
6,test,llm-mix,0.05,0.5190296016024928,4493
6,test,llm-mix,0.1,0.5208101491208547,4493
6,test,llm-mix,0.2,0.5346093923881594,4493
6,test,llm-mix,0.3,0.5573113732472735,4493
6,test,llm-mix,0.4,0.6329846427776541,4493
6,test,llm-mix,0.5,0.6788337413754729,4493
6,test,llm-mix,0.6,0.7191186289784108,4493
6,test,llm-mix,0.7,0.7565101268640106,4493
6,test,llm-mix,0.8,0.7954596038281772,4493
6,test,llm-mix,0.9,0.8506565768973959,4493
6,test,llm-mix,0.95,0.8873803694636101,4493
6,test,llm-mix-cal,0.05,0.5190296016024928,4493
6,test,llm-mix-cal,0.1,0.5190296016024928,4493
6,test,llm-mix-cal,0.2,0.5194747384820833,4493
6,test,llm-mix-cal,0.3,0.5441798352993545,4493
6,test,llm-mix-cal,0.4,0.6625862452704206,4493
6,test,llm-mix-cal,0.5,0.7131092811039395,4493
6,test,llm-mix-cal,0.6,0.7353661250834632,4493
6,test,llm-mix-cal,0.7,0.7778766970843535,4493
6,test,llm-mix-cal,0.8,0.8348542176719341,4493
6,test,llm-mix-cal,0.9,0.8809258847095481,4493
6,test,llm-mix-cal,0.95,0.911862897841086,4493
6,test,emb,0.05,0.5190296016024928,4493
6,test,emb,0.1,0.523035833518807,4493
6,test,emb,0.2,0.5363899399065213,4493
6,test,emb,0.3,0.5497440462942355,4493
6,test,emb,0.4,0.6583574449143111,4493
6,test,emb,0.5,0.7048742488315157,4493
6,test,emb,0.6,0.7313598931671489,4493
6,test,emb,0.7,0.7994658357444915,4493
6,test,emb,0.8,0.8346316492321388,4493
6,test,emb,0.9,0.8787002003115958,4493
6,test,emb,0.95,0.9036278655686624,4493
6,test,gaussian,0.05,0.5190296016024928,4493
6,test,gaussian,0.1,0.5190296016024928,4493
6,test,gaussian,0.2,0.6131760516358781,4493
6,test,gaussian,0.3,0.7193411974182061,4493
6,test,gaussian,0.4,0.7589583797017583,4493
6,test,gaussian,0.5,0.8252837747607389,4493
6,test,gaussian,0.6,0.8488760293790341,4493
6,test,gaussian,0.7,0.8795904740707767,4493
6,test,gaussian,0.8,0.9105274872023148,4493
6,test,gaussian,0.9,0.9394613843756956,4493
6,test,gaussian,0.95,0.956821722679724,4493
7,train,llm-mix,0.05,0.5205848949460534,7044
7,train,llm-mix,0.1,0.521862578080636,7044
7,train,llm-mix,0.2,0.5404599659284497,7044
7,train,llm-mix,0.3,0.5934128336172629,7044
7,train,llm-mix,0.4,0.6531800113571834,7044
7,train,llm-mix,0.5,0.7001703577512777,7044
7,train,llm-mix,0.6,0.7358035207268597,7044
7,train,llm-mix,0.7,0.7759795570698467,7044
7,train,llm-mix,0.8,0.8211243611584327,7044
7,train,llm-mix,0.9,0.8719477569562748,7044
7,train,llm-mix,0.95,0.9084327086882452,7044
7,train,llm-mix-cal,0.05,0.520442930153322,7044
7,train,llm-mix-cal,0.1,0.520442930153322,7044
7,train,llm-mix-cal,0.2,0.5207268597387847,7044
7,train,llm-mix-cal,0.3,0.5543725156161272,7044
7,train,llm-mix-cal,0.4,0.7065587734241908,7044
7,train,llm-mix-cal,0.5,0.7213231118682567,7044
7,train,llm-mix-cal,0.6,0.7410562180579217,7044
7,train,llm-mix-cal,0.7,0.8189948892674617,7044
7,train,llm-mix-cal,0.8,0.8371663827370812,7044
7,train,llm-mix-cal,0.9,0.8969335604770017,7044
7,train,llm-mix-cal,0.95,0.9190800681431004,7044
7,train,emb,0.05,0.5221465076660988,7044
7,train,emb,0.1,0.53137421919364,7044
7,train,emb,0.2,0.5454287336740489,7044
7,train,emb,0.3,0.5892958546280522,7044
7,train,emb,0.4,0.6571550255536627,7044
7,train,emb,0.5,0.719335604770017,7044
7,train,emb,0.6,0.7529812606473595,7044
7,train,emb,0.7,0.8114707552526973,7044
7,train,emb,0.8,0.8468199886428166,7044
7,train,emb,0.9,0.9013344690516752,7044
7,train,emb,0.95,0.9297274275979556,7044
7,train,gaussian,0.05,0.5221465076660988,7044
7,train,gaussian,0.1,0.5333617262918796,7044
7,train,gaussian,0.2,0.6063316297558206,7044
7,train,gaussian,0.3,0.7386428165814878,7044
7,train,gaussian,0.4,0.7607893242475866,7044
7,train,gaussian,0.5,0.830068143100511,7044
7,train,gaussian,0.6,0.8527825099375355,7044
7,train,gaussian,0.7,0.8950880181714934,7044
7,train,gaussian,0.8,0.9226291879613856,7044
7,train,gaussian,0.9,0.9494605337876206,7044
7,train,gaussian,0.95,0.9626632595116412,7044
7,test,llm-mix,0.05,0.548310738110609,4647
7,test,llm-mix,0.1,0.551969012265978,4647
7,test,llm-mix,0.2,0.5685388422638261,4647
7,test,llm-mix,0.3,0.6137292877125027,4647
7,test,llm-mix,0.4,0.6834516892618894,4647
7,test,llm-mix,0.5,0.7368194534108027,4647
7,test,llm-mix,0.6,0.7740477727566172,4647
7,test,llm-mix,0.7,0.7977189584678287,4647
7,test,llm-mix,0.8,0.8446309446955025,4647
7,test,llm-mix,0.9,0.8911125457284269,4647
7,test,llm-mix,0.95,0.911340649881644,4647
7,test,llm-mix-cal,0.05,0.548310738110609,4647
7,test,llm-mix-cal,0.1,0.548310738110609,4647
7,test,llm-mix-cal,0.2,0.548310738110609,4647
7,test,llm-mix-cal,0.3,0.583387131482677,4647
7,test,llm-mix-cal,0.4,0.7462879276952873,4647
7,test,llm-mix-cal,0.5,0.758769098343017,4647
7,test,llm-mix-cal,0.6,0.7734021949644933,4647
7,test,llm-mix-cal,0.7,0.8515171078114913,4647
7,test,llm-mix-cal,0.8,0.8702388637830859,4647
7,test,llm-mix-cal,0.9,0.916935657413385,4647
7,test,llm-mix-cal,0.95,0.937163761566602,4647
7,test,emb,0.05,0.548310738110609,4647
7,test,emb,0.1,0.5556272864213471,4647
7,test,emb,0.2,0.5872605982354206,4647
7,test,emb,0.3,0.5967290725199054,4647
7,test,emb,0.4,0.709489993544222,4647
7,test,emb,0.5,0.76307295029051,4647
7,test,emb,0.6,0.7744781579513664,4647
7,test,emb,0.7,0.8353776630083926,4647
7,test,emb,0.8,0.8708844415752098,4647
7,test,emb,0.9,0.912631805465892,4647
7,test,emb,0.95,0.9264041316978696,4647
7,test,gaussian,0.05,0.548310738110609,4647
7,test,gaussian,0.1,0.5556272864213471,4647
7,test,gaussian,0.2,0.6832364966645147,4647
7,test,gaussian,0.3,0.7579083279535184,4647
7,test,gaussian,0.4,0.7998708844415752,4647
7,test,gaussian,0.5,0.8594792339143533,4647
7,test,gaussian,0.6,0.8790617602754466,4647
7,test,gaussian,0.7,0.9109102646868948,4647
7,test,gaussian,0.8,0.930492791047988,4647
7,test,gaussian,0.9,0.952657628577577,4647
7,test,gaussian,0.95,0.9677211103938024,4647
8,train,llm-mix,0.05,0.5429889556829303,7153
8,train,llm-mix,0.1,0.5432685586467216,7153
8,train,llm-mix,0.2,0.5529148608975255,7153
8,train,llm-mix,0.3,0.5934572906472808,7153
8,train,llm-mix,0.4,0.6576261708374109,7153
8,train,llm-mix,0.5,0.7203970362085839,7153
8,train,llm-mix,0.6,0.7552076052006151,7153
8,train,llm-mix,0.7,0.787361946036628,7153
8,train,llm-mix,0.8,0.833356633580316,7153
8,train,llm-mix,0.9,0.8857821892912064,7153
8,train,llm-mix,0.95,0.916678316790158,7153
8,train,llm-mix-cal,0.05,0.5429889556829303,7153
8,train,llm-mix-cal,0.1,0.5429889556829303,7153
8,train,llm-mix-cal,0.2,0.5429889556829303,7153
8,train,llm-mix-cal,0.3,0.5583671186914582,7153
8,train,llm-mix-cal,0.4,0.7093527191388229,7153
8,train,llm-mix-cal,0.5,0.7345169858800503,7153
8,train,llm-mix-cal,0.6,0.7507339577799524,7153
8,train,llm-mix-cal,0.7,0.8095903816580455,7153
8,train,llm-mix-cal,0.8,0.8523696351181322,7153
8,train,llm-mix-cal,0.9,0.9039563819376484,7153
8,train,llm-mix-cal,0.95,0.9222703760659864,7153
8,train,emb,0.05,0.5446665734656787,7153
8,train,emb,0.1,0.5459247868027401,7153
8,train,emb,0.2,0.5576681112819796,7153
8,train,emb,0.3,0.5977911365860478,7153
8,train,emb,0.4,0.653292324898644,7153
8,train,emb,0.5,0.7142457710051726,7153
8,train,emb,0.6,0.7861037326995666,7153
8,train,emb,0.7,0.8119670068502726,7153
8,train,emb,0.8,0.8509716202991752,7153
8,train,emb,0.9,0.9046553893471272,7153
8,train,emb,0.95,0.9296798546064589,7153
8,train,gaussian,0.05,0.5446665734656787,7153
8,train,gaussian,0.1,0.5459247868027401,7153
8,train,gaussian,0.2,0.6064588284635817,7153
8,train,gaussian,0.3,0.755766811128198,7153
8,train,gaussian,0.4,0.7722633859918915,7153
8,train,gaussian,0.5,0.8438417447224941,7153
8,train,gaussian,0.6,0.8645323640430589,7153
8,train,gaussian,0.7,0.9059136026841884,7153
8,train,gaussian,0.8,0.9236683908849432,7153
8,train,gaussian,0.9,0.9486928561442752,7153
8,train,gaussian,0.95,0.9661680413812388,7153
8,test,llm-mix,0.05,0.5134420449537241,4538
8,test,llm-mix,0.1,0.5134420449537241,4538
8,test,llm-mix,0.2,0.5224768620537682,4538
8,test,llm-mix,0.3,0.5586161304539444,4538
8,test,llm-mix,0.4,0.624283825473777,4538
8,test,llm-mix,0.5,0.6685764654032613,4538
8,test,llm-mix,0.6,0.7086822388717496,4538
8,test,llm-mix,0.7,0.746364037020714,4538
8,test,llm-mix,0.8,0.7840458351696783,4538
8,test,llm-mix,0.9,0.8450859409431467,4538
8,test,llm-mix,0.95,0.874614367562803,4538
8,test,llm-mix-cal,0.05,0.5134420449537241,4538
8,test,llm-mix-cal,0.1,0.5134420449537241,4538
8,test,llm-mix-cal,0.2,0.5138827677390921,4538
8,test,llm-mix-cal,0.3,0.5299691494050243,4538
8,test,llm-mix-cal,0.4,0.6630674305861614,4538
8,test,llm-mix-cal,0.5,0.7122080211546937,4538
8,test,llm-mix-cal,0.6,0.7331423534596738,4538
8,test,llm-mix-cal,0.7,0.7882327016306743,4538
8,test,llm-mix-cal,0.8,0.8331864257382107,4538
8,test,llm-mix-cal,0.9,0.8794623182018511,4538
8,test,llm-mix-cal,0.95,0.9078889378580872,4538
8,test,emb,0.05,0.5200528867342442,4538
8,test,emb,0.1,0.5207139709122962,4538
8,test,emb,0.2,0.5306302335830763,4538
8,test,emb,0.3,0.5896870868223887,4538
8,test,emb,0.4,0.6350815337152931,4538
8,test,emb,0.5,0.7040546496253857,4538
8,test,emb,0.6,0.753415601586602,4538
8,test,emb,0.7,0.7873512560599383,4538
8,test,emb,0.8,0.8296606434552667,4538
8,test,emb,0.9,0.8776994270603791,4538
8,test,emb,0.95,0.9100925517849272,4538
8,test,gaussian,0.05,0.5134420449537241,4538
8,test,gaussian,0.1,0.5207139709122962,4538
8,test,gaussian,0.2,0.617893345085941,4538
8,test,gaussian,0.3,0.7302776553547818,4538
8,test,gaussian,0.4,0.7628911414720141,4538
8,test,gaussian,0.5,0.8080652269722345,4538
8,test,gaussian,0.6,0.8534596738651389,4538
8,test,gaussian,0.7,0.8776994270603791,4538
8,test,gaussian,0.8,0.9094314676068752,4538
8,test,gaussian,0.9,0.9427060379021596,4538
8,test,gaussian,0.95,0.9548259144997796,4538
9,train,llm-mix,0.05,0.5373910598819229,7114
9,train,llm-mix,0.1,0.5404835535563677,7114
9,train,llm-mix,0.2,0.559741355074501,7114
9,train,llm-mix,0.3,0.581951082372786,7114
9,train,llm-mix,0.4,0.6557492268765814,7114
9,train,llm-mix,0.5,0.7268765813888108,7114
9,train,llm-mix,0.6,0.74880517289851,7114
9,train,llm-mix,0.7,0.790975541186393,7114
9,train,llm-mix,0.8,0.835816699465842,7114
9,train,llm-mix,0.9,0.883047511948271,7114
9,train,llm-mix,0.95,0.9134101771155468,7114
9,train,llm-mix-cal,0.05,0.5373910598819229,7114
9,train,llm-mix-cal,0.1,0.5373910598819229,7114
9,train,llm-mix-cal,0.2,0.5392184425077312,7114
9,train,llm-mix-cal,0.3,0.5611470340174304,7114
9,train,llm-mix-cal,0.4,0.7251897666572955,7114
9,train,llm-mix-cal,0.5,0.7423390497610346,7114
9,train,llm-mix-cal,0.6,0.7524599381501265,7114
9,train,llm-mix-cal,0.7,0.8114984537531628,7114
9,train,llm-mix-cal,0.8,0.8529659825695811,7114
9,train,llm-mix-cal,0.9,0.9048355355636772,7114
9,train,llm-mix-cal,0.95,0.9217036828788304,7114
9,train,emb,0.05,0.5390778746134383,7114
9,train,emb,0.1,0.5468091087995501,7114
9,train,emb,0.2,0.5598819229687939,7114
9,train,emb,0.3,0.5941804891762721,7114
9,train,emb,0.4,0.6637615968512792,7114
9,train,emb,0.5,0.7296879392746697,7114
9,train,emb,0.6,0.7774810233342705,7114
9,train,emb,0.7,0.8089682316558898,7114
9,train,emb,0.8,0.8577452909755412,7114
9,train,emb,0.9,0.9062412145066068,7114
9,train,emb,0.95,0.9316840033736294,7114
9,train,gaussian,0.05,0.5373910598819229,7114
9,train,gaussian,0.1,0.547230812482429,7114
9,train,gaussian,0.2,0.6196232780432949,7114
9,train,gaussian,0.3,0.7565364070846219,7114
9,train,gaussian,0.4,0.7825414675288164,7114
9,train,gaussian,0.5,0.8576047230812482,7114
9,train,gaussian,0.6,0.8772842282822604,7114
9,train,gaussian,0.7,0.9142535844813044,7114
9,train,gaussian,0.8,0.9332302502108518,7114
9,train,gaussian,0.9,0.955158841720551,7114
9,train,gaussian,0.95,0.9706213100927747,7114
9,test,llm-mix,0.05,0.5226130653266332,4577
9,test,llm-mix,0.1,0.5232685164955211,4577
9,test,llm-mix,0.2,0.5357220887043915,4577
9,test,llm-mix,0.3,0.5711164518243391,4577
9,test,llm-mix,0.4,0.6065108149442866,4577
9,test,llm-mix,0.5,0.6630980991916102,4577
9,test,llm-mix,0.6,0.7061393926152502,4577
9,test,llm-mix,0.7,0.7483067511470396,4577
9,test,llm-mix,0.8,0.7854489840506882,4577
9,test,llm-mix,0.9,0.840725365960236,4577
9,test,llm-mix,0.95,0.8876993663972034,4577
9,test,llm-mix-cal,0.05,0.5223945816036705,4577
9,test,llm-mix-cal,0.1,0.5223945816036705,4577
9,test,llm-mix-cal,0.2,0.5226130653266332,4577
9,test,llm-mix-cal,0.3,0.5590998470613939,4577
9,test,llm-mix-cal,0.4,0.6593838759012454,4577
9,test,llm-mix-cal,0.5,0.7133493554730173,4577
9,test,llm-mix-cal,0.6,0.7351977277692812,4577
9,test,llm-mix-cal,0.7,0.7882892724492025,4577
9,test,llm-mix-cal,0.8,0.8348263054402447,4577
9,test,llm-mix-cal,0.9,0.8842036268298011,4577
9,test,llm-mix-cal,0.95,0.9132619619838322,4577
9,test,emb,0.05,0.5223945816036705,4577
9,test,emb,0.1,0.526982739785886,4577
9,test,emb,0.2,0.5553856237710291,4577
9,test,emb,0.3,0.5757046100065545,4577
9,test,emb,0.4,0.707450294953026,4577
9,test,emb,0.5,0.7273323137426262,4577
9,test,emb,0.6,0.7410967882892725,4577
9,test,emb,0.7,0.8136333843128687,4577
9,test,emb,0.8,0.8394144636224601,4577
9,test,emb,0.9,0.8981865850994101,4577
9,test,emb,0.95,0.9077998689097664,4577
9,test,gaussian,0.05,0.5223945816036705,4577
9,test,gaussian,0.1,0.5223945816036705,4577
9,test,gaussian,0.2,0.6707450294953026,4577
9,test,gaussian,0.3,0.7260214114048503,4577
9,test,gaussian,0.4,0.7808608258684728,4577
9,test,gaussian,0.5,0.8396329473454228,4577
9,test,gaussian,0.6,0.8651955429320516,4577
9,test,gaussian,0.7,0.9008083897749618,4577
9,test,gaussian,0.8,0.9263709853615906,4577
9,test,gaussian,0.9,0.9506226786104436,4577
9,test,gaussian,0.95,0.9643871531570898,4577
