split,train_frac,n_train_rows,objective,n_products,mean_regret,median_regret,std_regret,mean_relative_performance,price_match_rate,mean_candidate_prices,selected_exposure_n
0,0.01,30,cvar_0.25,15,2.18045262272064,1.7235727518203356,2.2573508639385857,0.7162803825889952,0.1333333333333333,9.2,100
0,0.01,30,expected_revenue,15,9.759235108989184,5.663164590152434,9.867783043584982,0.7438506452598352,0.1333333333333333,9.2,100
0,0.025,75,cvar_0.25,15,0.9604282503447202,0.4746658557679257,1.1283496020494177,0.8607234860281092,0.2666666666666666,9.2,250
0,0.025,75,expected_revenue,15,2.57160040733946,2.0406102513196736,2.600008849587469,0.9236812707803078,0.3333333333333333,9.2,250
0,0.05,150,cvar_0.25,15,1.1124806512561272,0.4344715137863613,1.5888424890869235,0.8694062927107874,0.1333333333333333,9.2,100
0,0.05,150,expected_revenue,15,2.800748469190514,2.3411480087662966,2.5240108816913063,0.9204258215291,0.2666666666666666,9.2,100
0,0.1,299,cvar_0.25,15,0.3503434899644897,0.1456004446539962,0.5428484649002723,0.9555120209527624,0.4666666666666667,9.2,100
0,0.1,299,expected_revenue,15,1.2918614483810302,0.0,1.8783777582351209,0.9648755334117336,0.6,9.2,100
0,0.2,597,cvar_0.25,15,0.2001820747774655,0.0076777357114776,0.3522543270114641,0.9750364927868922,0.4666666666666667,9.2,250
0,0.2,597,expected_revenue,15,0.3367646058740462,0.0,0.7871817143564378,0.9929483301754634,0.8,9.2,250
0,0.3,896,cvar_0.25,15,0.314468312955838,0.0,0.5581511556976791,0.9623767997868684,0.5333333333333333,9.2,250
0,0.3,896,expected_revenue,15,0.6336080868870795,0.0,1.126640539693767,0.9828673690785024,0.7333333333333333,9.2,250
0,0.4,1194,cvar_0.25,15,0.3114826973849894,0.0305319907550192,0.4509740553985785,0.9634778667899436,0.4666666666666667,9.2,250
0,0.4,1194,expected_revenue,15,0.2602344889474032,0.0,0.6903154455563707,0.9941629092015132,0.8666666666666667,9.2,250
0,0.5,1492,cvar_0.25,15,0.2013852543044574,0.0076777357114776,0.3545151998232089,0.9768641645164104,0.4666666666666667,9.2,150
0,0.5,1492,expected_revenue,15,0.1424642504584506,0.0,0.5517616694555019,0.9977511218661406,0.9333333333333332,9.2,150
0,0.6,1791,cvar_0.25,15,0.1825795034617785,0.0,0.3573986270472041,0.9793423470412704,0.5333333333333333,9.2,100
0,0.6,1791,expected_revenue,15,0.0083076319086274,0.0,0.0321753200285352,0.9998688593686952,0.9333333333333332,9.2,100
0,0.7,2089,cvar_0.25,15,0.1126515302733508,0.0076777357114776,0.1875309337075919,0.9856284840531944,0.4666666666666667,9.2,100
0,0.7,2089,expected_revenue,15,0.0083076319086274,0.0,0.0321753200285352,0.9998688593686952,0.9333333333333332,9.2,100
0,0.8,2388,cvar_0.25,15,0.1697172738610469,0.0,0.3511021294270615,0.9808745417696422,0.5333333333333333,9.2,100
0,0.8,2388,expected_revenue,15,0.0083076319086274,0.0,0.0321753200285352,0.9998688593686952,0.9333333333333332,9.2,100
1,0.01,31,cvar_0.25,15,0.5416581961514025,0.2525872287071067,0.7560203741742091,0.941669651706854,0.2,9.666666666666666,100
1,0.01,31,expected_revenue,15,2.529523709362038,1.8374049753961543,2.7206536927332716,0.93569315688354,0.4,9.666666666666666,100
1,0.025,76,cvar_0.25,15,0.3863345730811596,0.1736261238682139,0.4931024709135149,0.9489137298419518,0.3333333333333333,9.666666666666666,100
1,0.025,76,expected_revenue,15,2.3202386790435705,2.2523611614035843,2.260030683843957,0.935350240909726,0.4,9.666666666666666,100
1,0.05,151,cvar_0.25,15,0.2340088742849795,0.172135399803853,0.3017605392920671,0.9680321432172704,0.4,9.666666666666666,100
1,0.05,151,expected_revenue,15,1.9031181701068152,1.1155044267264884,2.113737176633105,0.9472515986018956,0.4666666666666667,9.666666666666666,100
1,0.1,302,cvar_0.25,15,0.1025707649088576,0.0834070193879261,0.1207846377693361,0.9867382511227742,0.4,9.666666666666666,100
1,0.1,302,expected_revenue,15,0.985559989610029,0.0,1.6040181508172966,0.9731042296597656,0.6,9.666666666666666,100
1,0.2,603,cvar_0.25,15,0.0425982453066915,0.0,0.091974170526829,0.9941824225875646,0.6,9.666666666666666,100
1,0.2,603,expected_revenue,15,0.0243505904648922,0.0,0.0943094313408447,0.9995277891960898,0.9333333333333332,9.666666666666666,100
1,0.3,904,cvar_0.25,15,0.0228979662680761,0.0,0.0775225336275032,0.9971183146589844,0.7333333333333333,9.666666666666666,100
1,0.3,904,expected_revenue,15,0.0,0.0,0.0,1.0,1.0,9.666666666666666,100
1,0.4,1206,cvar_0.25,15,0.0267537356715971,0.0,0.0591897227180061,0.996417397208102,0.6,9.666666666666666,100
1,0.4,1206,expected_revenue,15,0.0,0.0,0.0,1.0,1.0,9.666666666666666,100
1,0.5,1507,cvar_0.25,15,0.0939281552069895,0.0049806890258814,0.1598271911697618,0.988216917512154,0.4666666666666667,9.666666666666666,100
1,0.5,1507,expected_revenue,15,0.0010231898293938,0.0,0.0039627971692509,0.9999783905913978,0.9333333333333332,9.666666666666666,100
1,0.6,1808,cvar_0.25,15,0.0514816564484171,0.0,0.0829586050807092,0.9926163440291842,0.5333333333333333,9.666666666666666,100
1,0.6,1808,expected_revenue,15,0.0010231898293938,0.0,0.0039627971692509,0.9999783905913978,0.9333333333333332,9.666666666666666,100
1,0.7,2110,cvar_0.25,15,0.061114344414791,0.0,0.1039239326955952,0.9912051997309428,0.5333333333333333,9.666666666666666,100
1,0.7,2110,expected_revenue,15,0.0010231898293938,0.0,0.0039627971692509,0.9999783905913978,0.9333333333333332,9.666666666666666,100
1,0.8,2411,cvar_0.25,15,0.061114344414791,0.0,0.1039239326955952,0.9912051997309428,0.5333333333333333,9.666666666666666,100
1,0.8,2411,expected_revenue,15,0.0,0.0,0.0,1.0,1.0,9.666666666666666,100
2,0.01,32,cvar_0.25,15,0.5818045925223801,0.4149054344048029,0.8703775616986501,0.9171284092623414,0.3333333333333333,9.666666666666666,250
2,0.01,32,expected_revenue,15,0.4825826564561002,0.0,1.1712485176568392,0.9910073330201242,0.8,9.666666666666666,250
2,0.025,78,cvar_0.25,15,0.7507039042320266,0.4205957786184804,0.836001484582116,0.887832272006183,0.2,9.666666666666666,100
2,0.025,78,expected_revenue,15,1.2693507112030908,0.0,1.6529243243992882,0.9699659006607856,0.6,9.666666666666666,100
2,0.05,156,cvar_0.25,15,0.2365935723854367,0.1283843250705025,0.3081479059960973,0.9692700532367644,0.4,9.666666666666666,250
2,0.05,156,expected_revenue,15,0.4312318178386301,0.0,1.1746153143693052,0.9923966388696964,0.8666666666666667,9.666666666666666,250
2,0.1,312,cvar_0.25,15,0.1706380439231924,0.0,0.2588439886555425,0.9761076646874524,0.5333333333333333,9.666666666666666,250
2,0.1,312,expected_revenue,15,0.2883934626893714,0.0,0.769556872859011,0.9947866847819348,0.8666666666666667,9.666666666666666,250
2,0.2,624,cvar_0.25,15,0.0163025176002507,0.0,0.0377053102814977,0.9978945294100032,0.8,9.666666666666666,100
2,0.2,624,expected_revenue,15,0.1240916203852037,0.0,0.4806047791557871,0.9979236342386136,0.9333333333333332,9.666666666666666,100
2,0.3,935,cvar_0.25,15,0.1003988579919912,0.0,0.2094237341557632,0.984202490664761,0.6,9.666666666666666,100
2,0.3,935,expected_revenue,15,0.2130990246107941,0.0,0.571093433901121,0.9962242514172758,0.8666666666666667,9.666666666666666,100
2,0.4,1247,cvar_0.25,15,0.1580444928549061,0.0,0.2832348336064779,0.9789853733722051,0.5333333333333333,9.666666666666666,250
2,0.4,1247,expected_revenue,15,0.0,0.0,0.0,1.0,1.0,9.666666666666666,250
2,0.5,1558,cvar_0.25,15,0.0408369429448606,0.0,0.1278410100006815,0.9952596799046348,0.8,9.666666666666666,250
2,0.5,1558,expected_revenue,15,0.0,0.0,0.0,1.0,1.0,9.666666666666666,250
2,0.6,1870,cvar_0.25,15,0.077184345691466,0.0,0.1533271612823885,0.9898681616659636,0.6666666666666666,9.666666666666666,250
2,0.6,1870,expected_revenue,15,0.0,0.0,0.0,1.0,1.0,9.666666666666666,250
2,0.7,2182,cvar_0.25,15,0.1494188830768684,0.0398846673873016,0.2419403882309071,0.9784515181628602,0.4666666666666667,9.666666666666666,250
2,0.7,2182,expected_revenue,15,0.0,0.0,0.0,1.0,1.0,9.666666666666666,250
2,0.8,2493,cvar_0.25,15,0.0860914163361163,0.0,0.1402825587860583,0.9883744063488548,0.6,9.666666666666666,250
2,0.8,2493,expected_revenue,15,0.0,0.0,0.0,1.0,1.0,9.666666666666666,250
3,0.01,30,cvar_0.25,15,0.451991293746287,0.0565851652087516,0.7884997598754846,0.953560555383217,0.4,10.0,100
3,0.01,30,expected_revenue,15,1.3309663605494395,0.7207155522112849,1.538609362745769,0.9605953458787476,0.3333333333333333,10.0,100
3,0.025,73,cvar_0.25,15,0.5495494811493196,0.0509328834722788,0.9634199620573142,0.9447927307164724,0.4666666666666667,10.0,100
3,0.025,73,expected_revenue,15,0.7423864593253618,0.4126690414705152,1.0705667792369211,0.97991995795012,0.4666666666666667,10.0,100
3,0.05,146,cvar_0.25,15,0.2048844789684997,0.0509328834722788,0.2768301717153217,0.975888083867882,0.4666666666666667,10.0,100
3,0.05,146,expected_revenue,15,0.21008317331364,0.0,0.5260944199147651,0.995446125647812,0.7333333333333333,10.0,100
3,0.1,291,cvar_0.25,15,0.2544233393165495,0.0,0.4830432629499961,0.9699765007375192,0.6,10.0,100
3,0.1,291,expected_revenue,15,0.4094643614446743,0.0,0.915211826855264,0.9918891606949024,0.7333333333333333,10.0,100
3,0.2,581,cvar_0.25,15,0.0521342051396027,0.0,0.1439062321792281,0.991479972884166,0.6666666666666666,10.0,100
3,0.2,581,expected_revenue,15,0.1963597467859344,0.0,0.5935588275557613,0.9965245710794538,0.8,10.0,100
3,0.3,872,cvar_0.25,15,0.0680450875109809,0.0,0.1720303525851847,0.991231123215136,0.7333333333333333,10.0,100
3,0.3,872,expected_revenue,15,0.1523995520722953,0.0,0.5902409271454698,0.9973068314327632,0.9333333333333332,10.0,100
3,0.4,1162,cvar_0.25,15,0.1179193488311574,0.0,0.1895096334729949,0.9854368685783595,0.6,10.0,200
3,0.4,1162,expected_revenue,15,0.1866320877405239,0.0,0.5956366462305918,0.9967375202021383,0.8666666666666667,10.0,200
3,0.5,1452,cvar_0.25,15,0.0613976409977928,0.0,0.1615736405939892,0.991791081572882,0.7333333333333333,10.0,100
3,0.5,1452,expected_revenue,15,0.1523995520722953,0.0,0.5902409271454698,0.9973068314327632,0.9333333333333332,10.0,100
3,0.6,1743,cvar_0.25,15,0.0750563676613381,0.0,0.1685135865194265,0.9909801855742628,0.6666666666666666,10.0,150
3,0.6,1743,expected_revenue,15,0.0839838251016355,0.0,0.3252679559694307,0.998515857856244,0.9333333333333332,10.0,150
3,0.7,2033,cvar_0.25,15,0.0352208845141287,0.0,0.1211102179323939,0.995904173931553,0.7333333333333333,10.0,200
3,0.7,2033,expected_revenue,15,0.0,0.0,0.0,1.0,1.0,10.0,200
3,0.8,2324,cvar_0.25,15,0.0033673041236867,0.0,0.0107246550972379,0.999484327459703,0.8666666666666667,10.0,250
3,0.8,2324,expected_revenue,15,0.118216360769864,0.0,0.3423690563574358,0.997946546625619,0.8666666666666667,10.0,250
4,0.01,28,cvar_0.25,15,2.1260581495644084,2.281328535691517,1.7955374091921013,0.6065893998570409,0.0666666666666666,9.533333333333331,250
4,0.01,28,expected_revenue,15,8.083477411496256,6.955488187505324,5.301471897787731,0.7307640961043074,0.0666666666666666,9.533333333333331,250
4,0.025,69,cvar_0.25,15,1.0508558054500268,0.4568390715052146,1.8630810791541832,0.8205951487675626,0.2,9.533333333333331,100
4,0.025,69,expected_revenue,15,4.690020213856913,4.169661572416253,2.757048657805751,0.8496770984253547,0.0666666666666666,9.533333333333331,100
4,0.05,137,cvar_0.25,15,0.7324042792856549,0.0315806045048256,1.8443750539608512,0.8660831947298487,0.4666666666666667,9.533333333333331,100
4,0.05,137,expected_revenue,15,2.2494085425092996,1.7667550446466755,2.399814985724769,0.9437328655255632,0.4,9.533333333333331,100
4,0.1,274,cvar_0.25,15,0.1934523143309495,0.0,0.3084895782331141,0.9625080659272708,0.5333333333333333,9.533333333333331,100
4,0.1,274,expected_revenue,15,0.9932566976639524,0.0,1.9097670352475355,0.9780440275935204,0.7333333333333333,9.533333333333331,100
4,0.2,547,cvar_0.25,15,0.164596719557199,0.1534850900578241,0.1938242826494438,0.9644684532539252,0.4,9.533333333333331,100
4,0.2,547,expected_revenue,15,1.2898979430816468,0.0,2.05186377089743,0.9711031246571572,0.6666666666666666,9.533333333333331,100
4,0.3,820,cvar_0.25,15,0.0989460398247879,0.0,0.1650819174931244,0.976169397967592,0.6,9.533333333333331,100
4,0.3,820,expected_revenue,15,1.0705263647943537,0.0,1.6561425509839462,0.9760744599491108,0.6666666666666666,9.533333333333331,100
4,0.4,1093,cvar_0.25,15,0.1341598499264659,0.0,0.1959232994344576,0.9727055198089322,0.5333333333333333,9.533333333333331,250
4,0.4,1093,expected_revenue,15,1.1918825948695262,0.0,1.953519143230216,0.9733698524253532,0.6666666666666666,9.533333333333331,250
4,0.5,1366,cvar_0.25,15,0.1048451359928142,0.0,0.16059405187789,0.9791068901964032,0.6,9.533333333333331,100
4,0.5,1366,expected_revenue,15,0.3040012648169527,0.0,0.8030450150891713,0.9935474461015994,0.8666666666666667,9.533333333333331,100
4,0.6,1639,cvar_0.25,15,0.0780633910153562,0.0,0.110692649915304,0.9811193145216156,0.6,9.533333333333331,100
4,0.6,1639,expected_revenue,15,0.1012094199204919,0.0,0.3919823978313784,0.9977396646349274,0.9333333333333332,9.533333333333331,100
4,0.7,1912,cvar_0.25,15,0.0654651832512271,0.0,0.1084125920747206,0.9840721364511328,0.6666666666666666,9.533333333333331,100
4,0.7,1912,expected_revenue,15,0.1012094199204919,0.0,0.3919823978313784,0.9977396646349274,0.9333333333333332,9.533333333333331,100
4,0.8,2185,cvar_0.25,15,0.0696313258911363,0.0,0.1115549874012799,0.9825707683550629,0.6666666666666666,9.533333333333331,100
4,0.8,2185,expected_revenue,15,0.1012094199204919,0.0,0.3919823978313784,0.9977396646349274,0.9333333333333332,9.533333333333331,100
5,0.01,29,cvar_0.25,15,0.7031487446634037,0.2040366858506792,1.2087520622025485,0.8738360003530008,0.2666666666666666,9.533333333333331,100
5,0.01,29,expected_revenue,15,3.7659620758989263,3.1551803752257257,5.052719461770549,0.906638075016124,0.3333333333333333,9.533333333333331,100
5,0.025,72,cvar_0.25,15,1.511448645227737,0.6909529189439851,1.8849397393736311,0.7496915130009808,0.1333333333333333,9.533333333333331,250
5,0.025,72,expected_revenue,15,6.765726155004032,6.023842352537997,5.621432741692812,0.7811977301161926,0.2,9.533333333333331,250
5,0.05,144,cvar_0.25,15,1.12634423860015,0.6909529189439851,1.1514537539984782,0.7960110199178554,0.0666666666666666,9.533333333333331,250
5,0.05,144,expected_revenue,15,4.707151377261422,3.779079844796852,4.8307846378112265,0.8698676712925095,0.2,9.533333333333331,250
5,0.1,287,cvar_0.25,15,0.8860298586039792,0.5931733113131905,1.0572836518635231,0.8562933364837256,0.0666666666666666,9.533333333333331,100
5,0.1,287,expected_revenue,15,3.4808542603734884,2.3920126682568306,5.173850690360746,0.9177156324567192,0.4,9.533333333333331,100
5,0.2,574,cvar_0.25,15,0.2389282263843658,0.0818691482522897,0.3303518660650937,0.95800355272728,0.2666666666666666,9.533333333333331,100
5,0.2,574,expected_revenue,15,2.337937470173996,0.0,3.79693367772518,0.956080261501878,0.6,9.533333333333331,100
5,0.3,861,cvar_0.25,15,0.2041406694411636,0.0292196349026774,0.2928892504766077,0.9671631533787878,0.4,9.533333333333331,100
5,0.3,861,expected_revenue,15,1.5386071933988186,0.0,2.5366832046989147,0.9711386463428384,0.6,9.533333333333331,100
5,0.4,1147,cvar_0.25,15,0.1442457883400271,0.0049593959686262,0.2246921367815475,0.9744138940043794,0.4666666666666667,9.533333333333331,100
5,0.4,1147,expected_revenue,15,1.4152848680384271,0.0,2.490250727083637,0.9742550750717612,0.6666666666666666,9.533333333333331,100
5,0.5,1434,cvar_0.25,15,0.1497037315568464,0.0292196349026774,0.2219151944280961,0.972472104914971,0.4,9.533333333333331,100
5,0.5,1434,expected_revenue,15,1.5386071933988186,0.0,2.5366832046989147,0.9711386463428384,0.6,9.533333333333331,100
5,0.6,1721,cvar_0.25,15,0.1481118996806136,0.0292196349026774,0.2213991448077214,0.9694065794919904,0.4,9.533333333333331,100
5,0.6,1721,expected_revenue,15,0.8565263325911857,0.0,1.5949091409657812,0.98353288148163,0.7333333333333333,9.533333333333331,100
5,0.7,2007,cvar_0.25,15,0.1335706202342722,0.0049593959686262,0.2242619588660278,0.975129421237191,0.4666666666666667,9.533333333333331,100
5,0.7,2007,expected_revenue,15,1.071899000642126,0.0,1.6864809641896197,0.9799567644411016,0.6666666666666666,9.533333333333331,100
5,0.8,2294,cvar_0.25,15,0.1290515107404157,0.0,0.2263302340659754,0.9768099207491576,0.5333333333333333,9.533333333333331,100
5,0.8,2294,expected_revenue,15,0.7737252325526882,0.0,1.5568224969717228,0.985533184504568,0.7333333333333333,9.533333333333331,100
6,0.01,29,cvar_0.25,15,3.0595046601489946,1.9283901858130423,2.648335325595312,0.6008374082157818,0.0666666666666666,9.933333333333334,100
6,0.01,29,expected_revenue,15,1.2192701445886187,0.0120360105917853,1.5645480184716536,0.9704368319545248,0.4666666666666667,9.933333333333334,100
6,0.025,72,cvar_0.25,15,2.0702758670246157,1.3388585548436571,2.530033236311115,0.7324160951354951,0.3333333333333333,9.933333333333334,100
6,0.025,72,expected_revenue,15,0.86075614471946,0.0574627854834268,1.2392244297862556,0.9800779735119896,0.4,9.933333333333334,100
6,0.05,143,cvar_0.25,15,0.8354974617069576,0.0602447891075419,1.5920474233171558,0.878050618765308,0.3333333333333333,9.933333333333334,100
6,0.05,143,expected_revenue,15,0.8017664424195101,0.0,1.3071356179899818,0.980990194476996,0.5333333333333333,9.933333333333334,100
6,0.1,286,cvar_0.25,15,0.2522969859965466,0.0,0.5547075632882079,0.9598048153242492,0.6666666666666666,9.933333333333334,100
6,0.1,286,expected_revenue,15,0.065865138271144,0.0,0.2154570649594611,0.998031248197404,0.7333333333333333,9.933333333333334,100
6,0.2,571,cvar_0.25,15,0.3773936641725279,0.0,0.6706990300551621,0.9533018535462482,0.6666666666666666,9.933333333333334,100
6,0.2,571,expected_revenue,15,0.065865138271144,0.0,0.2154570649594611,0.998031248197404,0.7333333333333333,9.933333333333334,100
6,0.3,856,cvar_0.25,15,0.3727156228448673,0.0,0.6570636227471054,0.948546177926764,0.5333333333333333,9.933333333333334,250
6,0.3,856,expected_revenue,15,0.1400029458503048,0.0,0.3104723025628207,0.996151288470188,0.6,9.933333333333334,250
6,0.4,1141,cvar_0.25,15,0.2455377596363835,0.0,0.5450082265474349,0.9605711467983336,0.6,9.933333333333334,100
6,0.4,1141,expected_revenue,15,0.2507233295355488,0.0,0.4970525999104646,0.9934059559778176,0.5333333333333333,9.933333333333334,100
6,0.5,1426,cvar_0.25,15,0.3590302525319481,0.0,0.6634480089474734,0.9504455476965876,0.6,9.933333333333334,100
6,0.5,1426,expected_revenue,15,0.1465204642913588,0.0,0.3429161883737953,0.9967202935677444,0.6,9.933333333333334,100
6,0.6,1711,cvar_0.25,15,0.3780998448202228,0.0,0.6644742416927216,0.9480803230112071,0.6,9.933333333333334,100
6,0.6,1711,expected_revenue,15,0.2024901433080399,0.0,0.3834157678355427,0.9950307818194334,0.5333333333333333,9.933333333333334,100
6,0.7,1996,cvar_0.25,15,0.0745650207385562,0.0,0.2032095760455715,0.9902583100379686,0.7333333333333333,9.933333333333334,100
6,0.7,1996,expected_revenue,15,0.4432449129819434,0.0,0.97513696201566,0.9898574213319856,0.5333333333333333,9.933333333333334,100
6,0.8,2281,cvar_0.25,15,0.1048384302258342,0.0,0.2157578311301146,0.9865411604838662,0.6,9.933333333333334,200
6,0.8,2281,expected_revenue,15,0.437455804902581,0.0,0.9776584928684434,0.9900368388173912,0.6,9.933333333333334,200
7,0.01,29,cvar_0.25,15,0.9881299807504405,0.4019815698569662,1.4605893236758396,0.8863964883332138,0.2666666666666666,9.933333333333334,100
7,0.01,29,expected_revenue,15,4.906838099934949,3.3302311725214473,7.025574851141507,0.8917051420691463,0.3333333333333333,9.933333333333334,100
7,0.025,72,cvar_0.25,15,0.6255033726987292,0.06323466496681,1.2671534366730006,0.9375602243796444,0.4,9.933333333333334,250
7,0.025,72,expected_revenue,15,1.1009478291173402,0.0,1.9721599551018612,0.9769913754644898,0.5333333333333333,9.933333333333334,250
7,0.05,143,cvar_0.25,15,0.6920114806044706,0.322896749099451,1.245593302451019,0.9304070072734744,0.2666666666666666,9.933333333333334,100
7,0.05,143,expected_revenue,15,1.1982376641288397,0.0,2.7975541214998443,0.9760262431274852,0.6666666666666666,9.933333333333334,100
7,0.1,285,cvar_0.25,15,0.2163143450224969,0.0845457373274474,0.3204388973494775,0.975455013687926,0.3333333333333333,9.933333333333334,250
7,0.1,285,expected_revenue,15,0.5845419900865433,0.15078226096022,0.8508866053877848,0.9873423522589252,0.4666666666666667,9.933333333333334,250
7,0.2,570,cvar_0.25,15,0.1314776662553664,0.0277992756909437,0.1704338509053268,0.984048722186296,0.4666666666666667,9.933333333333334,100
7,0.2,570,expected_revenue,15,0.2906410473866714,0.0,0.4348481228694298,0.9930450715642122,0.6,9.933333333333334,100
7,0.3,855,cvar_0.25,15,0.1388293551698192,0.0788788271475269,0.1661086252187431,0.9833748581399944,0.4,9.933333333333334,100
7,0.3,855,expected_revenue,15,0.3044507116348758,0.0,0.4768710623073184,0.9925562305690508,0.6,9.933333333333334,100
7,0.4,1140,cvar_0.25,15,0.1582457859817253,0.0277992756909437,0.2333734940526346,0.9806008453050584,0.4666666666666667,9.933333333333334,100
7,0.4,1140,expected_revenue,15,0.240647258700604,0.0,0.4527686964893,0.9946950611400937,0.7333333333333333,9.933333333333334,100
7,0.5,1425,cvar_0.25,15,0.0973236177094468,0.0,0.1501836867325678,0.9894821686334636,0.5333333333333333,9.933333333333334,100
7,0.5,1425,expected_revenue,15,0.1693015247491464,0.0,0.3040949351761525,0.996158697524566,0.7333333333333333,9.933333333333334,100
7,0.6,1710,cvar_0.25,15,0.0973236177094468,0.0,0.1501836867325678,0.9894821686334636,0.5333333333333333,9.933333333333334,250
7,0.6,1710,expected_revenue,15,0.0634733612089486,0.0,0.1695910565660345,0.9987028848364532,0.8666666666666667,9.933333333333334,250
7,0.7,1995,cvar_0.25,15,0.0899710408363747,0.0,0.1517532422384878,0.9903063916451844,0.6,9.933333333333334,250
7,0.7,1995,expected_revenue,15,0.0154871982361574,0.0,0.0599816608480507,0.9996822847621498,0.9333333333333332,9.933333333333334,250
7,0.8,2280,cvar_0.25,15,0.0475121649572981,0.0,0.1036549465307683,0.994998955815776,0.6,9.933333333333334,100
7,0.8,2280,expected_revenue,15,0.0154871982361574,0.0,0.0599816608480507,0.9996822847621498,0.9333333333333332,9.933333333333334,100
8,0.01,30,cvar_0.25,15,2.3247768903064214,2.217136870125056,2.370962028541039,0.7133640946102056,0.1333333333333333,9.466666666666669,100
8,0.01,30,expected_revenue,15,3.837041223267608,3.200486074358748,4.412139797046875,0.8851297184746066,0.0,9.466666666666669,100
8,0.025,75,cvar_0.25,15,0.7416812354199495,0.1533244937562896,1.278190173020736,0.906587110432048,0.3333333333333333,9.466666666666669,100
8,0.025,75,expected_revenue,15,1.9456620319259643,0.8431158457397672,2.253060455158928,0.942684120110057,0.2,9.466666666666669,100
8,0.05,150,cvar_0.25,15,0.5098875265990684,0.0,0.844870974646342,0.9417307962185392,0.5333333333333333,9.466666666666669,100
8,0.05,150,expected_revenue,15,0.6669765722254264,0.0741382933427132,1.195976883477645,0.974725099132097,0.4,9.466666666666669,100
8,0.1,299,cvar_0.25,15,0.2774019556385296,0.0,0.6502295977291547,0.970854295556061,0.6666666666666666,9.466666666666669,100
8,0.1,299,expected_revenue,15,0.2920707019341547,0.0,0.6397959122750798,0.9902598364984336,0.5333333333333333,9.466666666666669,100
8,0.2,597,cvar_0.25,15,0.1623924616114293,0.0,0.3891400125164511,0.982959016723992,0.6,9.466666666666669,100
8,0.2,597,expected_revenue,15,0.0224595860833026,0.0,0.0484522569477483,0.9994628712799308,0.7333333333333333,9.466666666666669,100
8,0.3,896,cvar_0.25,15,0.1312505672883339,0.0,0.3839923116066335,0.9861542360264768,0.7333333333333333,9.466666666666669,100
8,0.3,896,expected_revenue,15,0.0355347863229553,0.0,0.0597403068934849,0.999170308007129,0.6666666666666666,9.466666666666669,100
8,0.4,1194,cvar_0.25,15,0.3260910970941516,0.0,0.6557052149394793,0.9582400136822088,0.6666666666666666,9.466666666666669,100
8,0.4,1194,expected_revenue,15,0.0144444751522994,0.0,0.0530934077406131,0.9995273748467652,0.8666666666666667,9.466666666666669,100
8,0.5,1493,cvar_0.25,15,0.2812895713838634,0.0,0.6485737004885952,0.969115492500016,0.6,9.466666666666669,100
8,0.5,1493,expected_revenue,15,0.0039712963610047,0.0,0.0153807646690256,0.9999149830403768,0.9333333333333332,9.466666666666669,100
8,0.6,1791,cvar_0.25,15,0.1318448113113068,0.0,0.3826398864347065,0.986236211176616,0.6666666666666666,9.466666666666669,100
8,0.6,1791,expected_revenue,15,0.0081191725540695,0.0,0.0214322882053514,0.9998183550731148,0.8666666666666667,9.466666666666669,100
8,0.7,2090,cvar_0.25,15,0.0320291493926418,0.0,0.0617780263728852,0.9955364182446468,0.7333333333333333,9.466666666666669,100
8,0.7,2090,expected_revenue,15,0.0094776637412112,0.0,0.0215264979590895,0.9997744467908524,0.8,9.466666666666669,100
8,0.8,2388,cvar_0.25,15,0.0524869378442735,0.0,0.1156124897097971,0.9936513341575456,0.7333333333333333,9.466666666666669,100
8,0.8,2388,expected_revenue,15,0.0417905737139631,0.0,0.1294622695554912,0.9990718046468936,0.8,9.466666666666669,100
9,0.01,30,cvar_0.25,15,1.3571977475458703,0.3822906021945007,2.1430844295030584,0.7777664225031294,0.3333333333333333,9.466666666666669,250
9,0.01,30,expected_revenue,15,1.0953649569150308,0.9014534556639616,1.3758979894538963,0.9687036370879932,0.3333333333333333,9.466666666666669,250
9,0.025,74,cvar_0.25,15,0.8802313173953643,0.4374199362421125,0.9893372095040868,0.8719746274862141,0.2666666666666666,9.466666666666669,100
9,0.025,74,expected_revenue,15,3.6230601930680177,2.8105849135465277,5.374684355151768,0.8978440872583658,0.1333333333333333,9.466666666666669,100
9,0.05,147,cvar_0.25,15,0.1473667006412537,0.0,0.4391229748970744,0.9797079810192016,0.6666666666666666,9.466666666666669,250
9,0.05,147,expected_revenue,15,0.7644859799980992,0.0,1.3910087685324806,0.9841318606776708,0.5333333333333333,9.466666666666669,250
9,0.1,294,cvar_0.25,15,0.2735975482567985,0.0,0.5238816428832752,0.964634776197027,0.6,9.466666666666669,250
9,0.1,294,expected_revenue,15,0.7550906392495738,0.0,1.3959883422455994,0.9844394126273937,0.6,9.466666666666669,250
9,0.2,588,cvar_0.25,15,0.0001890981375749,0.0,0.0007323739376266,0.9999431199700578,0.9333333333333332,9.466666666666669,250
9,0.2,588,expected_revenue,15,0.7091791644659751,0.0,1.3577664778380925,0.984452738779382,0.5333333333333333,9.466666666666669,250
9,0.3,881,cvar_0.25,15,0.0280588809401498,0.0,0.0984979993364235,0.9942711258962948,0.8666666666666667,9.466666666666669,250
9,0.3,881,expected_revenue,15,0.7091791644659751,0.0,1.3577664778380925,0.984452738779382,0.5333333333333333,9.466666666666669,250
9,0.4,1175,cvar_0.25,15,0.0968242897576041,0.0,0.3615538319439507,0.9828948483374628,0.7333333333333333,9.466666666666669,250
9,0.4,1175,expected_revenue,15,0.2001814310570305,0.0,0.4275159659887868,0.9955068600399736,0.6666666666666666,9.466666666666669,250
9,0.5,1468,cvar_0.25,15,0.0001890981375749,0.0,0.0007323739376266,0.9999431199700578,0.9333333333333332,9.466666666666669,250
9,0.5,1468,expected_revenue,15,0.28239566337248,0.0,0.5484138000965797,0.9937745849944508,0.6666666666666666,9.466666666666669,250
9,0.6,1762,cvar_0.25,15,0.0028383172867031,0.0,0.0102341737435764,0.999094130765784,0.8666666666666667,9.466666666666669,250
9,0.6,1762,expected_revenue,15,0.2939914952763549,0.0,0.5462317209986796,0.9935033442061508,0.6666666666666666,9.466666666666669,250
9,0.7,2056,cvar_0.25,15,0.0001890981375749,0.0,0.0007323739376266,0.9999431199700578,0.9333333333333332,9.466666666666669,250
9,0.7,2056,expected_revenue,15,0.2859067881558881,0.0,0.5518313740538184,0.9938281338803596,0.7333333333333333,9.466666666666669,250
9,0.8,2349,cvar_0.25,15,0.0001890981375749,0.0,0.0007323739376266,0.9999431199700578,0.9333333333333332,9.466666666666669,250
9,0.8,2349,expected_revenue,15,0.28239566337248,0.0,0.5484138000965797,0.9937745849944508,0.6666666666666666,9.466666666666669,250
